"","bias","var_empirical","mse","var_estimated","rbias","CP","CIlength"
"u",0.000845794469660686,2.48365223818376e-05,2.55518906667462e-05,1.11577872461098e-05,17.4539635631915,100,0.0129802467988013
"b",0.000859553237149265,7.75356979313865e-06,8.49240156063243e-06,6.87485285252314e-06,17.7378919110754,100,0.0102858627805939
"z",-4.693779743172e-05,5.98549815998844e-06,5.98770131681618e-06,8.05107244743588e-06,-0.968616650376505,100,0.0111557990515313
"m",0.000550169789768531,3.12756655436533e-06,3.43025335193928e-06,7.80784424460155e-06,11.3534006294,100,0.0110293578206415
"zm",-0.00077151268816446,6.86413918226521e-06,7.45937101026396e-06,8.14425224027783e-06,-15.9210716442313,100,0.0111887025536926
"f",-0.000167509006575819,1.10247791002273e-06,1.13053717730675e-06,7.91614667196452e-06,-3.4567453467196,100,0.0110853572588741
"imp",-0.000474429696042254,1.61170902932112e-07,3.86254439418857e-07,8.4339907130039e-06,-9.79041472255022,100,0.011350052939461
"o",-0.000876994326363917,2.87596402989277e-06,3.64508307836727e-06,9.60428689618472e-06,-18.0978092983067,100,0.0121615997220806
