"","bias","var_empirical","mse","var_estimated","rbias","CP","CIlength"
"u",-0.00103172254830653,9.23383750689349e-06,1.02982889235776e-05,1.0800438559424e-05,-21.2908081235026,100,0.0129336258854232
"b",-0.000643578811816173,3.72631336564607e-06,4.14050705266478e-06,6.81058991781895e-06,-13.2810056513943,100,0.0103665001914894
"z",-0.0012767949389381,3.19428970277586e-05,3.35731023438565e-05,1.01224192865338e-05,-26.3481651172693,75,0.0121969239451477
"m",-0.000501740053873088,2.71853216614159e-05,2.74370647430765e-05,7.68054526013215e-06,-10.3539960742565,75,0.0108630547665071
"zm",-2.06479136132583e-06,3.52484404417165e-06,3.52484830753501e-06,7.6769006703293e-06,-0.0426093980026043,100,0.0108401637657461
"f",-0.00241400858693723,5.35975346966385e-06,1.11871909274705e-05,7.82554386631717e-06,-49.8159061438852,75,0.0109017910130626
"imp",-2.25036006040302e-06,1.77712599924324e-05,1.77712650565528e-05,8.13379350915713e-06,-0.0464388263428739,75,0.011195947801356
"o",-0.00297037767104603,1.71403887937323e-05,2.59635323023812e-05,9.6848248391568e-06,-61.2972365025681,75,0.0121564674678386
