"","bias","var_empirical","mse","var_estimated","rbias","CP","CIlength"
"u",-0.00156055322293355,3.10192710915379e-05,3.34545974531462e-05,1.06834856030511e-05,-31.8051551460771,75,0.0127611107703774
"b",-0.00132556753220777,1.46842989353617e-06,3.22555917597958e-06,6.72064822134095e-06,-27.0159840746848,100,0.0101610068916126
"z",0.000633300312443892,9.6235567847834e-06,1.00246260705249e-05,9.38949460532585e-06,12.9070988386244,100,0.01201110759435
"m",0.000762937595326346,2.91364262010242e-06,3.49571639446476e-06,7.75577649896281e-06,15.549196419277,100,0.0109112638118537
"zm",3.4705984004465e-05,2.78372987705049e-05,2.78385032758306e-05,7.82162237710617e-06,0.707331983002983,75,0.0108697570786473
"f",0.000848842932068441,2.88501037297052e-06,3.60554469629307e-06,7.85356061191517e-06,17.3000066593931,100,0.0109390262046077
"imp",0.000750511200239515,2.67915224247778e-06,3.24241930416274e-06,7.9727657743648e-06,15.2959378838839,100,0.0111010924481847
"o",-0.00170847329655483,6.23339772269063e-06,9.15227872773154e-06,9.9366114600997e-06,-34.8198686602373,100,0.0122798619461453
