"","bias","var_empirical","mse","var_estimated","rbias","CP","CIlength"
"u",-0.000608827493973829,4.89979137915901e-05,4.93685847090086e-05,1.06416961231635e-05,-12.4083258542343,75,0.0128010104019799
"b",0.00185427202893727,3.41390121411803e-06,6.85222597141716e-06,6.75183624234496e-06,37.7913477712207,100,0.0102004233142481
"z",0.000327458472671654,6.19844326552886e-06,6.30567231685331e-06,8.29021349429156e-06,6.67383039178978,100,0.0115089273824154
"m",-0.000455821303341726,1.09744679573242e-06,1.30521985631257e-06,7.66378189565423e-06,-9.2899537539759,100,0.0108315993288128
"zm",-0.000407230809841301,6.94175936430734e-06,7.10759629679134e-06,7.80435622954094e-06,-8.29964585438348,100,0.0109457017800523
"f",-0.0013819737678321,2.77610717928833e-05,2.96709232878594e-05,7.75167371785191e-06,-28.1655822100598,50,0.0109119368577373
"imp",-0.000696040169596158,1.94202809290298e-05,1.99047528467212e-05,8.26993594020928e-06,-14.1857805658772,75,0.0112445965646883
"o",-8.39981717996371e-05,1.70822178682861e-06,1.71527747969429e-06,9.8346415352531e-06,-1.71194089814652,100,0.0123151146936481
