"","bias","var_empirical","mse","var_estimated","rbias","CP","CIlength"
"u",-0.001861483693496,2.370093312465e-05,2.71660546658015e-05,1.33325573203331e-05,-37.9383264879867,75,0.0143010118923218
"b",0.00153926218275671,7.64393451388286e-06,1.00132625811478e-05,8.45305222401376e-06,31.3712290062351,100,0.0113831227608654
"z",-0.000263924990247127,1.33198072203066e-05,1.33894636207836e-05,1.06172320179707e-05,-5.37897403201494,100,0.0130485877583946
"m",-0.000893093749839754,1.00616510033495e-05,1.08592674493523e-05,9.99824141199919e-06,-18.2018689630137,100,0.0123784499013547
"zm",0.00158010796903007,1.73203904424221e-07,2.66994509821656e-06,1.01206483835031e-05,32.203694410424,100,0.0125351345815603
"f",0.000438525821513085,5.8328123695488e-06,6.02511726568253e-06,1.03473536183094e-05,8.93745985962988,100,0.012603708246628
"imp",-0.000449273559256847,1.19475564927402e-05,1.21494032237875e-05,1.0663594825697e-05,-9.15650619613809,100,0.0128315412832463
"o",0.0025638254756694,4.54055337116473e-06,1.11137544408562e-05,1.22626511978278e-05,52.2525382811649,100,0.0138402031715791
