"","bias","var_empirical","mse","var_estimated","rbias","CP","CIlength"
"u",-0.000607305523242551,4.77129648926702e-06,5.14011648782793e-06,1.06136655715566e-05,-12.3773070369811,100,0.0127373038162154
"b",0.000810452678546747,1.80202434229635e-06,2.45885788645995e-06,6.72998075704744e-06,16.5175867127928,100,0.0101937798220076
"z",9.89012383400215e-05,2.42929059413095e-05,2.43026873962547e-05,9.59489650062501e-06,2.01567571250819,100,0.0120687948567894
"m",4.98082124654993e-05,1.78098009251813e-05,1.78122817832103e-05,7.60949727008829e-06,1.015125855199,100,0.0108290720223342
"zm",0.000178573774816672,1.89228078456836e-05,1.89546964387359e-05,7.86232780323394e-06,3.63945716788075,75,0.0109966706829801
"f",0.00126648449033338,1.57425943928134e-05,1.73465773570684e-05,7.85404559041528e-06,25.8118307746232,75,0.0109909022509107
"imp",0.00142909465875997,6.71307030431903e-06,8.75538184801531e-06,8.34127857072576e-06,29.1259385917314,100,0.0113213835297507
"o",-0.00168798630785488,6.12699181056339e-06,8.97628958606894e-06,9.73233632489215e-06,-34.4023296461863,100,0.0122372710202655
