"","bias","var_empirical","mse","var_estimated","rbias","CP","CIlength"
"u",0.000156503217152337,1.89204902071877e-05,1.89449834641668e-05,1.3314656905303e-05,3.19297287089852,100,0.0143322031341594
"b",-0.000988761169965716,4.16099521951439e-06,5.13864387074636e-06,8.16594053080901e-06,-20.1726689645324,100,0.0112022389903851
"z",0.000762032652223546,4.3192459324041e-06,4.89993969545895e-06,1.08389503145875e-05,15.5469620980396,100,0.0131248443320124
"m",-0.00185202033760987,7.90326675664223e-06,1.13332460875628e-05,1.02350619207122e-05,-37.7848507010857,87.5,0.0125306675015743
"zm",0.000702892717255531,7.53611080334344e-06,8.03016897531431e-06,1.02465687630511e-05,14.3403913234863,100,0.0134672979449932
"imp",-8.01721514073293e-05,2.6630751721284e-05,2.66371792951453e-05,1.03447168720044e-05,-1.63566927953947,87.5,0.0126168854722153
"o",0.000238271133306754,1.50815472702429e-05,1.51383204032101e-05,1.23549134892647e-05,4.86119888402149,100,0.0137745552271025
