"","bias","var_empirical","mse","var_estimated","rbias","CP","CIlength"
"u",-0.00164595143709618,9.08723744333002e-06,1.1796393576609e-05,1.07314567300363e-05,-33.5806405842058,100,0.0128785746208982
"b",-0.00165852075420936,6.3453259674011e-07,3.38522368888328e-06,6.72304216641284e-06,-33.8370793289061,100,0.0101609707402722
"z",0.00267755796882246,1.1343635923909e-05,1.85129526003137e-05,8.15259458537953e-06,54.6274390409911,100,0.0114884983897936
"m",0.000236167429349771,1.57830761679507e-06,1.63408267148075e-06,8.0038589409172e-06,4.81827919338975,100,0.0110601635129533
"zm",0.00232060921017106,4.95557964239245e-06,1.03408067487232e-05,7.65643166637646e-06,47.3449836166695,100,0.0108197862374053
"f",-0.000213978756502204,2.80471992610794e-06,2.85050683434217e-06,7.65670528654242e-06,-4.36558670736525,100,0.0108965614346334
"imp",0.00163151625543395,1.29759499368104e-05,1.56377952285556e-05,7.51039383912538e-06,33.2861345397128,75,0.0107394917453332
"o",0.000125339798455294,1.18919001507705e-05,1.19076102158473e-05,9.50934700641322e-06,2.5571779506749,100,0.0120883211473842
