"","bias","var_empirical","mse","var_estimated","rbias","CP","CIlength"
"u",-0.000878060622256377,2.75116031825995e-05,2.82825936389568e-05,1.10684978674173e-05,-17.9141604682791,100,0.0129716635440658
"b",0.000431586610491102,9.58448774513422e-07,1.14471577686862e-06,6.5584299503628e-06,8.8052141279612,100,0.0100528606924339
"z",0.00104417187923756,3.07281372980871e-05,3.18184322114776e-05,7.87285415996985e-06,21.3031562138138,100,0.0117172332238722
"m",0.00413109929219261,1.91566303675584e-05,3.62226117295127e-05,7.72568124212396e-06,84.282535573181,33.3333333333333,0.0109503131954957
"zm",-0.000488825854451475,8.37992794099138e-06,8.61887865697159e-06,8.10767363937554e-06,-9.97300707459639,100,0.0111667604013532
"f",0.00268530909923909,1.41910690572828e-05,2.14019540157391e-05,7.72056374661127e-06,54.7855773182062,66.6666666666667,0.0109022259116611
"imp",0.00243764552972859,8.80099217986983e-06,1.47431079084756e-05,7.86211921453473e-06,49.7327542967652,66.6666666666667,0.011023861351592
"o",0.000705331948698763,2.81806388800499e-05,2.86781320379051e-05,9.67506358511009e-06,14.3901564335319,66.6666666666667,0.0121719716154476
