"","bias","var_empirical","mse","var_estimated","rbias","CP","CIlength"
"u",0.00236280956266054,4.01968289571743e-06,9.6025519251175e-06,1.05498705757492e-05,48.2059536535352,100,0.0127884380259427
"b",-0.00137946091505447,7.36691561440201e-06,9.26982803056493e-06,6.7083393303903e-06,-28.1437107707918,100,0.0101768012482986
"z",-0.00303281792662399,6.96641129990369e-06,1.61643958759555e-05,8.28023190374037e-06,-61.8754396125877,100,0.0112518131944758
"m",-0.000973638550913015,4.15548994998374e-06,5.10346197780773e-06,8.02781289873383e-06,-19.8641378477234,100,0.0110805409141436
"zm",-0.000916463985460849,3.33473794186238e-06,4.17464417850916e-06,8.10959392734798e-06,-18.69766446963,100,0.0111797220290361
"f",-0.000263165413394468,3.58241757577336e-06,3.65167361058045e-06,7.74826523296895e-06,-5.36909106928723,100,0.0109480618502277
"imp",0.00122548735085182,2.74860405022302e-06,4.25042329732083e-06,7.91928552165013e-06,25.0023477861825,100,0.0110680080174097
"o",-0.00109688115644646,2.66053779086878e-06,3.8636860622361e-06,9.80868386404352e-06,-22.3785289456655,100,0.012319211651704
