"","bias","var_empirical","mse","var_estimated","rbias","CP","CIlength"
"u",-0.00126807066611318,1.69015986340182e-05,1.8509601848275e-05,1.350977716266e-05,-25.8711310154122,100,0.0145207842451379
"b",-0.00183262931187738,5.21646655020423e-06,8.5749967449564e-06,8.1360890016354e-06,-37.3892357084402,100,0.0112196436602732
"z",0.00238622310813983,1.43994926476654e-05,2.00935533694859e-05,1.09985688055823e-05,48.6836359458689,87.5,0.0135089541845485
"m",0.00259702455396228,1.35982599007843e-05,2.03427964346673e-05,1.01173567124027e-05,52.9843992777951,75,0.0125815735131106
"zm",0.00129379506038146,1.36334766421837e-05,1.53073823004512e-05,1.02407489038051e-05,26.3959591596092,87.5,0.0135354845944194
"imp",0.00218968650044104,3.82274355264047e-06,8.61747052285421e-06,1.03425252760836e-05,44.6739033158373,100,0.0126281464423135
"o",0.000632539976606576,1.74572115341214e-05,1.78573183561269e-05,1.24751013240334e-05,12.9050573005005,100,0.0140322337104683
