"","bias","var_empirical","mse","var_estimated","rbias","CP","CIlength"
"u",0.00106411412650392,1.18477970618803e-05,1.29801359361055e-05,1.34660421695349e-05,21.7100172078869,87.5,0.0144050793908647
"b",-0.00111931885436586,5.79104140463979e-06,7.04391610237868e-06,8.20591442376987e-06,-22.8363020320316,100,0.0112180542076875
"z",-0.000198602318753687,5.8520661229164e-06,5.89150900393074e-06,1.04525207999192e-05,-4.05187719087471,100,0.012661413224599
"m",-0.000816618148045752,5.8687366259154e-06,6.53560182563307e-06,1.02169515191844e-05,-16.6606133729216,100,0.0124844259723737
"zm",-0.00227242350219888,9.34898329712017e-06,1.4512891870466e-05,1.03835465957485e-05,-46.3619005777409,87.5,0.0126696022944258
"imp",-0.00163321279374367,4.10300848227119e-06,6.77039251191919e-06,1.07440057667983e-05,-33.3207472518086,100,0.0137468496455663
"o",-0.00056094852937787,1.94156535766904e-05,1.97303168293016e-05,1.24154549972441e-05,-11.4444512315076,87.5,0.0137943644420178
