"","bias","var_empirical","mse","var_estimated","rbias","CP","CIlength"
"u",2.459773073919e-05,1.09363940548747e-05,1.09369991032322e-05,1.06146643414166e-05,0.495431131777977,100,0.0128014520511302
"b",-0.000948871153092784,2.70470771739929e-06,3.60506418257092e-06,6.6819616292902e-06,-19.1115316397561,100,0.0101391964445395
"z",-0.00126621612853121,1.13193140714487e-06,2.73523469129744e-06,9.0519642295485e-06,-25.5032830583137,100,0.0119401407007837
"m",0.000968412701739661,6.69217066852867e-06,7.62999382941938e-06,7.5111367559325e-06,19.505124514866,100,0.010770868938022
"zm",0.000583655324125191,9.03365176012216e-06,9.37430529750184e-06,7.48534602091572e-06,11.7555973299148,100,0.0107625723228284
"f",-0.00140995957614673,1.75160809458568e-06,3.73959410095354e-06,7.57283597727223e-06,-28.3984679716261,100,0.010786828120671
"imp",0.000720002591274819,1.93736136318069e-06,2.45576509462315e-06,7.81520542833619e-06,14.5018132957295,100,0.0109299577733109
"o",-0.00126175109778119,3.52942065880039e-06,5.12143649155242e-06,9.47426399361289e-06,-25.4133513787875,100,0.0121575259731545
