"","bias","var_empirical","mse","var_estimated","rbias","CP","CIlength"
"u",8.94222241374261e-05,1.5802364314247e-05,1.58103606484167e-05,1.34093384312744e-05,1.80108296087348,94.5945945945946,0.0143511409048957
"b",0.000340761827807724,7.54204317872917e-06,7.65816180202003e-06,8.1960982138541e-06,6.8633980836507,98.6486486486486,0.0112248268240738
"z",-0.000527711976937737,8.13547004346304e-06,8.41394997406658e-06,1.0517773180622e-05,-10.6288236406504,97.2972972972973,0.0129450244542285
"m",3.49242288644191e-05,7.94215153500134e-06,7.94337123676311e-06,9.97051099564486e-06,0.70342058851816,97.2972972972973,0.0123766785946191
"zm",0.000398638334074361,8.37982705091645e-06,8.53873957231003e-06,1.01481527471025e-05,8.02910817727942,97.2972972972973,0.0124875597735971
"imp",-1.85006336213302e-05,1.23525183262682e-05,1.23528605997126e-05,1.03157768670778e-05,-0.372627457012611,93.2432432432432,0.0126021919377122
"o",-0.00010060203806357,1.04871959823654e-05,1.04973167524279e-05,1.2291255570169e-05,-2.02625933690689,97.2972972972973,0.0137450239170889
