"","bias","var_empirical","mse","var_estimated","rbias","CP","CIlength"
"u",0.000374111921609846,1.11351073823422e-05,1.12750671122328e-05,1.34590240922844e-05,7.53511349075378,97.2972972972973,0.0143359643293713
"b",0.000341878140910687,7.51690823319808e-06,7.63378889643062e-06,8.38666464071645e-06,6.88588211967353,91.8918918918919,0.0113647315022495
"z",0.000790884903598056,6.67755224961814e-06,7.30305118035745e-06,1.04548181163026e-05,15.929477684355,100,0.0129191118917307
"m",0.000184341440969076,8.92378074552048e-06,8.95776251237904e-06,1.01646897509747e-05,3.7128826923609,100,0.0124781630598092
"zm",0.00067823623254499,8.17974554325289e-06,8.63974993038971e-06,1.03199922859115e-05,13.6605830783909,100,0.0125798043010862
"f",0.00040359563168707,9.96861802550443e-06,1.01315074594213e-05,1.01499602327921e-05,8.1289547685307,97.2972972972973,0.0125646908684567
"imp",0.000414255666570809,8.63189169266066e-06,8.80349944994668e-06,1.02928728870773e-05,8.34366210081436,100,0.0125721889804622
"o",0.00116023834872504,1.00097034686574e-05,1.13558564945096e-05,1.2271749493275e-05,23.3687491068124,94.5945945945946,0.0137681398373378
