"","bias","var_empirical","mse","var_estimated","rbias","CP","CIlength"
"u",0.000293302552697392,1.14627570988742e-05,1.15487834862931e-05,1.35299147222225e-05,5.90750493112454,100,0.0143842679089463
"b",0.000229611983239006,8.26048552823417e-06,8.31320719108112e-06,8.15630782657251e-06,4.62469184381488,94.6666666666667,0.0112082811766437
"z",-6.9301288515052e-05,8.65077774431434e-06,8.65558041290418e-06,1.04461546385097e-05,-1.39582045867272,98.6666666666667,0.0128151695007514
"m",0.000392953012421772,7.35024417941469e-06,7.50465624938603e-06,1.00303068565934e-05,7.91459821004995,96,0.0124350774402422
"zm",9.86887642025827e-05,8.5400324733002e-06,8.54977194548003e-06,1.02275754173429e-05,1.98772344738113,96,0.0125312502757318
"imp",-0.000200965935429206,8.77593859160652e-06,8.81632589880946e-06,1.02185456886019e-05,-4.04772220227134,98.6666666666667,0.012603297070897
"o",0.000358487721676871,1.23435046641965e-05,1.24720181107895e-05,1.22480345261087e-05,7.22042124788009,94.6666666666667,0.0137110696962893
