"","bias","var_empirical","mse","var_estimated","rbias","CP","CIlength"
"u",1.50621935819748e-05,1.14639383951681e-05,1.14641652648436e-05,1.32552231763464e-05,0.303372684761021,94.8051948051948,0.014311666597325
"b",-0.000471154609937449,7.79885369909954e-06,8.02084036556485e-06,8.08110857232996e-06,-9.48968277272102,94.8051948051948,0.0111485818645405
"z",-0.000272323185090228,1.27568485723888e-05,1.28310084895265e-05,1.07856974571627e-05,-5.48495246285789,93.5064935064935,0.0132266614906149
"m",0.000204764741473216,1.24696591203426e-05,1.25115877196932e-05,9.86747392165703e-06,4.12423522689723,90.9090909090909,0.0123328265992907
"zm",-0.000185448446932792,9.56558468931337e-06,9.59997581578315e-06,1.01763422048288e-05,-3.73517927017549,94.8051948051948,0.0125207190855242
"imp",-0.000115866906299854,1.0577776751957e-05,1.05912018919325e-05,1.01913995412416e-05,-2.33371415974934,96.1038961038961,0.0125622236579852
"o",-0.000209614027597468,1.09998400749597e-05,1.10437781155253e-05,1.22045370539038e-05,-4.22190632259004,94.8051948051948,0.0137539995572866
