"","bias","var_empirical","mse","var_estimated","rbias","CP","CIlength"
"u",0.000377664156058378,1.37985124975269e-05,1.39411427122982e-05,1.34771070316551e-05,7.60666023430656,93.4210526315789,0.0143836482567145
"b",5.92303896041185e-05,7.22486614105932e-06,7.22837438011197e-06,8.0723045291426e-06,1.19297911129932,97.3684210526316,0.011134247741978
"z",0.00021638566167286,1.08502825345837e-05,1.08971052891613e-05,1.04246877891138e-05,4.358296072097,96.0526315789474,0.0130071313520965
"m",0.000283604623089823,8.15827457845817e-06,8.23870616069609e-06,9.96101164619365e-06,5.71217568338518,94.7368421052632,0.0124065059941737
"zm",0.000438996727452083,1.05860635717467e-05,1.07787816984604e-05,1.01155369781227e-05,8.84198009298054,96.0526315789474,0.0125090239191126
"imp",0.000487477476098797,1.24826744217052e-05,1.27203087114089e-05,1.03149260770277e-05,9.81844708606041,94.7368421052632,0.0126102453862678
"o",0.000608837281752521,1.14044044117994e-05,1.17750872474512e-05,1.22542178921037e-05,12.2627955710849,98.6842105263158,0.0137776720879497
