"","bias","var_empirical","mse","var_estimated","rbias","CP","CIlength"
"u",-0.000219035079644256,8.0683988306239e-06,8.11637519673866e-06,1.08722559275188e-05,-4.41165888666063,100,0.0129791164075002
"b",0.00102868185747175,5.33644423599484e-06,6.39463059988636e-06,6.71085315861217e-06,20.7190257625969,100,0.010144890015005
"z",0.000336494630143988,4.76087564703769e-06,4.87410428315343e-06,8.04535990239604e-06,6.77745102656317,100,0.01101580789953
"m",0.00208645888711732,3.85746874527828e-06,8.21077943290912e-06,7.82066330169994e-06,42.0240671309499,100,0.0109959726743453
"zm",0.00183962443295322,1.28276485117197e-05,1.62118665660381e-05,8.0302858775316e-06,37.0524917330014,100,0.0110434649651318
"f",-0.000220796041283391,6.82886946239636e-07,7.31637838086053e-07,7.87303152347867e-06,-4.4471270047218,100,0.0108750080587621
"imp",-0.00152465331616489,5.33819167930644e-06,7.66275941379905e-06,8.17187884299912e-06,-30.7085529964417,100,0.0112609055255522
"o",-0.000394661278982408,3.07732573639559e-06,3.23308326152362e-06,9.4468844317684e-06,-7.94900497888924,100,0.0120985903340778
