"","type","rbias","var_empirical","CP","CIlength","RE"
"1","SimRan",1.5,1.611,96.6,1.67,1
"2","Oracle",5.9,1.038,96,1.33,1.55202312138728
"7","AdaStrat",-0.1,1.257,96,1.44,1.28162291169451
"8","FixStrat",6,1.731,94.2,1.61,0.930675909878683
