"","type","rbias","var_empirical","CP","CIlength","RE"
"1","SimRan",4.6,1.162,97.1,1.45,1
"2","Oracle",-0.2,0.749,97.4,1.15,1.55140186915888
"7","AdaStrat",0.2,0.826,96.4,1.21,1.40677966101695
"8","FixStrat",-0.5,1.122,96.4,1.38,1.03565062388592
