"","type","rbias","var_empirical","CP","CIlength","RE"
"1","SimRan",-1.6,1.735,96.6,1.67,1
"2","Oracle",-0.9,0.954,97.1,1.32,1.81865828092243
"7","AdaStrat",-1.8,1.133,95.5,1.44,1.53133274492498
"8","FixStrat",-1.3,1.861,94.4,1.61,0.932294465341214
