"","type","rbias","var_empirical","CP","CIlength","RE"
"1","SimRan",-2.4,1.14,97.1,1.45,1
"2","Oracle",3.1,0.63,97.6,1.14,1.80952380952381
"7","AdaStrat",0.4,0.858,96.6,1.24,1.32867132867133
"8","FixStrat",-5.8,1.387,92.4,1.4,0.821917808219178
