"","type","rbias","var_empirical","CP","CIlength","RE"
"1","SimRan",-0.5,1.662,95.6,1.65,1
"2","Oracle",5.7,0.963,96.1,1.31,1.72585669781931
"7","AdaStrat",-0.4,1.27,94.3,1.42,1.30866141732283
"8","FixStrat",-10.8,1.572,94.6,1.6,1.05725190839695
