"","type","rbias","var_empirical","CP","CIlength","RE"
"1","SimRan",0.9,1.082,96.3,1.43,1
"2","Oracle",4.2,0.711,96.5,1.13,1.52180028129395
"7","AdaStrat",-2.7,0.876,96,1.2,1.2351598173516
"8","FixStrat",-1,1.276,94.7,1.37,0.847962382445141
