"","type","rbias","var_empirical","CP","CIlength","RE"
"1","SimRan",0.4,1.191,96.9,1.44,1
"2","Oracle",-4.9,0.718,96.1,1.13,1.65877437325905
"7","AdaStrat",1.3,0.891,95.8,1.22,1.33670033670034
"8","FixStrat",-4.6,1.187,95.6,1.39,1.0033698399326
