"","type","rbias","var_empirical","CP","CIlength","RE"
"1","SimRan",-2.3,1.155,97.2,1.43,1
"2","Oracle",2.2,0.69,95.9,1.13,1.67391304347826
"7","AdaStrat",-0.3,0.902,95.1,1.2,1.28048780487805
"8","FixStrat",1.1,1.133,96.6,1.38,1.01941747572816
