"","type","rbias","var_empirical","CP","CIlength","RE"
"1","SimRan",-1.9,1.704,96.3,1.66,1
"2","Oracle",0.4,1.17,92.7,1.31,1.45641025641026
"7","AdaStrat",8.5,1.246,96.6,1.44,1.36757624398074
"8","FixStrat",0.8,1.64,96.6,1.62,1.0390243902439
