"","type","rbias","var_empirical","CP","CIlength","RE"
"1","SimRan",-1.2,1.631,96.8,1.66,1
"2","Oracle",-3.4,0.996,95.7,1.31,1.63755020080321
"7","AdaStrat",2.4,1.32,95.7,1.42,1.23560606060606
"8","FixStrat",2.9,1.692,95.2,1.6,0.963947990543735
