"","bias","var_empirical","mse","var_estimated","rbias","CP","CIlength"
"u",9.61554461121738e-06,1.72769813302736e-05,1.72770737889718e-05,1.81874407609139e-05,0.193499964283842,95.5613577023499,0.0167451316529072
"b",0.000268048726382347,9.99757902079193e-06,1.00694291405071e-05,1.12964008567591e-05,5.39412181820734,96.3446475195823,0.0133031611367885
"m",-0.000210481961732443,1.33735162344543e-05,1.34178188906691e-05,1.35730119549048e-05,-4.23566773639714,95.3002610966057,0.0145200242828168
"f",-5.62168029286537e-05,1.59313807123689e-05,1.59345410413004e-05,1.63950558155766e-05,-1.1312879091795,95.5613577023499,0.0159056227821032
"fm",-0.000128992780547527,1.56949620633746e-05,1.5711601200808e-05,1.36695460913847e-05,-2.59580704349309,92.1671018276762,0.0145716270077684
"tr",4.58331823345983e-05,1.68634527982716e-05,1.68655534788745e-05,1.58373622688992e-05,0.922331443859504,95.3002610966057,0.015688598430929
"trm",6.29412676990517e-05,1.41996964429454e-05,1.4203658046125e-05,1.36804957174772e-05,1.26660876156076,95.5613577023499,0.0145869367046545
"o",-0.00044843522312333,1.6590026670339e-05,1.67911208196767e-05,1.70717079073143e-05,-9.02415860634185,95.0391644908616,0.0162173919346522
"om",-5.9307097788658e-05,1.43550007581808e-05,1.43585180900289e-05,1.44995855495039e-05,-1.19347595668123,95.5613577023499,0.0149986115311567
