"","bias","var_empirical","mse","var_estimated","rbias","CP","CIlength"
"u",7.70165819925879e-05,1.61107306343966e-05,1.61166621882984e-05,1.82165743943072e-05,1.54985562101642,96.5699208443272,0.0167386573584503
"b",0.000293418400083938,1.03785403861315e-05,1.04646347436393e-05,1.13508663027177e-05,5.90465254253301,96.0422163588391,0.0133083457068629
"m",-1.64998803351959e-05,1.30432098815744e-05,1.30434821276255e-05,1.31217983412456e-05,-0.33203800560849,94.9868073878628,0.0142556285863943
"f",-6.0525321206306e-05,1.69543052525239e-05,1.6957968567031e-05,1.65812578781219e-05,-1.21799107229201,95.5145118733509,0.0161104761850636
"fm",0.000206779440904342,1.25042525999946e-05,1.25470103371753e-05,1.32687234877302e-05,4.1611594607908,96.5699208443272,0.014338989620212
"tr",0.000380646536583266,1.64879634888514e-05,1.66328552746642e-05,1.61490820878243e-05,7.66000202918357,95.5145118733509,0.0160194737473445
"trm",-5.1066535124919e-06,1.25670399212637e-05,1.25670659991738e-05,1.33198520215824e-05,-0.102764566358976,96.0422163588391,0.0143565378793767
"o",0.000299451292702234,1.73077245553042e-05,1.73973956320052e-05,1.66524990784836e-05,6.02605643106644,94.1952506596306,0.0160600396662391
"om",-2.54527838101162e-05,1.38217385692956e-05,1.38223864134993e-05,1.33737605602674e-05,-0.512203204011583,95.778364116095,0.0145045054116251
