"","bias","var_empirical","mse","var_estimated","rbias","CP","CIlength"
"u",-7.94639720664621e-05,1.73460591645305e-05,1.7352373687387e-05,1.8209193040867e-05,-1.59910607026615,96.5608465608466,0.0167245933065615
"b",-4.31319571037479e-05,9.53521565505539e-06,9.53707602077899e-06,1.13701442911794e-05,-0.8679729018501,97.0899470899471,0.0132339214725151
"m",9.39339156670544e-05,1.41098462383376e-05,1.41186698188502e-05,1.30136132737869e-05,1.89029431628993,94.4444444444444,0.0142315581384247
"f",-0.000276574204977425,1.84056935346937e-05,1.84821868255526e-05,1.72424336596751e-05,-5.56568566303893,94.1798941798942,0.0162714320724533
"fm",-9.84677201346582e-05,1.4070207786004e-05,1.40799036779125e-05,1.34385941101748e-05,-1.98153106241535,93.3862433862434,0.0144027716376588
"tr",-0.000246166137400257,1.74135448429932e-05,1.74741426101957e-05,1.69106137375719e-05,-4.95376400617734,95.7671957671958,0.0163686831863907
"trm",-9.0633337565621e-05,1.13278952876182e-05,1.13361096894965e-05,1.33254395716067e-05,-1.82387460003191,95.5026455026455,0.0143689061746102
"o",-6.50267311024582e-05,1.86087560381878e-05,1.86129845139457e-05,1.66996497364624e-05,-1.30857592102915,94.4444444444444,0.0160525932068861
"om",-2.65343987207794e-05,1.45602736886204e-05,1.45609777629359e-05,1.31495653847655e-05,-0.533969256278455,93.6507936507936,0.0143313568005947
