"","bias","var_empirical","mse","var_estimated","rbias","CP","CIlength"
"u",0.000228130936081982,1.16223708494453e-05,1.16744145734429e-05,1.36457294402779e-05,4.59082972090899,97.1428571428571,0.0145212281590889
"b",-1.17936863170279e-05,7.4910219743845e-06,7.49116106542144e-06,8.48433774673507e-06,-0.237332150532326,97.4025974025974,0.0114764629308085
"m",2.50679954905773e-05,7.98482626995178e-06,7.98545467434969e-06,9.34686439306645e-06,0.504459854144455,96.3636363636364,0.0120142890732815
"f",3.20548700026325e-05,1.16890438204456e-05,1.16900713351365e-05,1.26652919070779e-05,0.64506135132447,96.1038961038961,0.0140265490631662
"fm",-6.02017678870605e-05,8.46899269611127e-06,8.472616948968e-06,9.63925181402321e-06,-1.21147999483885,96.8831168831169,0.0121899984840224
"tr",0.000109100331930763,1.23834356117036e-05,1.2395338494131e-05,1.25256005551714e-05,2.19549814238606,96.1038961038961,0.0140817455403915
"trm",1.08531167787662e-05,8.25743461043352e-06,8.25755240057733e-06,9.54672837832945e-06,0.21840444758685,96.3636363636364,0.0121345298217349
"o",-2.40768142540605e-05,1.12181837657596e-05,1.12187634587442e-05,1.24124878224178e-05,-0.484513658518566,96.3636363636364,0.0138281845460236
"om",-2.10127682676396e-05,8.36570739481136e-06,8.36614893124163e-06,9.41267704021119e-06,-0.422853834461919,97.1428571428571,0.0121221678957375
