"","bias","var_empirical","mse","var_estimated","rbias","CP","CIlength"
"u",-0.000121101486696528,1.14031364016224e-05,1.14178019717025e-05,1.36285964684477e-05,-2.43700531773952,97.1204188481675,0.0145133757800867
"b",0.000152106841221934,6.30442430680196e-06,6.32756079794848e-06,8.45548916649886e-06,3.06094657492791,97.6439790575916,0.0113983580090542
"m",-0.000138825791502461,8.39108265740172e-06,8.410355257788e-06,9.81249283214215e-06,-2.79368322685172,97.1204188481675,0.0123082884509904
"f",0.000110472209013398,1.24239007363685e-05,1.24361048453328e-05,1.21042727051522e-05,2.22310533232952,95.0261780104712,0.0136539767438788
"fm",-0.000103439243702938,8.57792158731676e-06,8.58862126445459e-06,9.91199945129759e-06,-2.08157631952707,96.3350785340314,0.012384373986706
"tr",0.000120038453607578,1.23658087791568e-05,1.23802180095013e-05,1.16748889199024e-05,2.41561319976168,93.1937172774869,0.0134610059226062
"trm",1.90184784238318e-05,8.57621291739207e-06,8.57657461991363e-06,9.85951720004003e-06,0.382721420838852,96.5968586387435,0.012355388114089
"o",-0.000287863716277687,1.38744862220367e-05,1.39573517411859e-05,1.27220765330145e-05,-5.79287196622911,92.4083769633508,0.0140109972602827
"om",-4.29394637101272e-05,1.07322274714987e-05,1.07340712690424e-05,1.05509315236185e-05,-0.864099229968112,94.7643979057592,0.0127524130658545
