"","bias","var_empirical","mse","var_estimated","rbias","CP","CIlength"
"u",-9.9983384856674e-05,1.26749078067275e-05,1.26849044839749e-05,1.36398488346207e-05,-2.01203178613246,96.0629921259843,0.0144996918066616
"b",-6.49132639683877e-05,6.50989460865957e-06,6.5141083404986e-06,8.4645493595337e-06,-1.30629254683895,97.3753280839895,0.0114017664991556
"m",-8.17073167191408e-05,8.72052073793385e-06,8.72719682353929e-06,9.46804483828229e-06,-1.64425037854207,96.3254593175853,0.0121093087111488
"f",2.00998299918842e-05,1.24661048380091e-05,1.24665088411748e-05,1.224390774853e-05,0.404482173688183,94.750656167979,0.0137518037532267
"fm",-0.000107986838173159,8.32470598505046e-06,8.33636714226909e-06,9.53849674484913e-06,-2.17309057099635,97.1128608923885,0.0121240792740673
"tr",-0.000137953160784856,1.14269779458398e-05,1.14460090204103e-05,1.18948660165735e-05,-2.77612270173152,95.01312335958,0.0136776005267237
"trm",-0.000275747605809382,8.07319888923469e-06,8.14923563134429e-06,9.55027505562909e-06,-5.54905146123754,97.3753280839895,0.0121547453382116
"o",-0.000512886540165039,1.26702681960631e-05,1.29333207991455e-05,1.25081387625153e-05,-10.3211550896267,94.2257217847769,0.0138752874296082
"om",3.72811190385118e-05,9.75668818722148e-06,9.75807806905824e-06,9.63826201302565e-06,0.750232617505416,94.750656167979,0.0122631060668611
