"","bias","var_empirical","mse","var_estimated","rbias","CP","CIlength"
"u",-2.32550626140856e-05,1.66213824214101e-05,1.66219232193473e-05,1.78238834575429e-05,-0.463179167346829,95.6072351421189,0.0165485218761602
"b",0.000288014785797677,9.6328537828657e-06,9.71580629970378e-06,1.12026472526364e-05,5.73649062499368,96.1240310077519,0.0131280440757174
"m",0.000133913198505256,1.12947815724635e-05,1.13127143171974e-05,1.29810603782137e-05,2.66719573323557,96.1240310077519,0.0141734097040896
"f",5.52292345149252e-05,1.66415247656377e-05,1.66445750339828e-05,1.65793668064262e-05,1.10001986579608,96.1240310077519,0.0160353229625043
"fm",-0.000260536684134848,1.31951533355674e-05,1.32630326993474e-05,1.31182785809598e-05,-5.18919972065738,95.3488372093023,0.0142522404397677
"tr",-0.000292431202679778,1.41363313919581e-05,1.42218474002589e-05,1.60040580101319e-05,-5.8244539355233,96.3824289405685,0.0159272558823631
"trm",-2.06204810168061e-05,1.27035373208977e-05,1.2703962525135e-05,1.3006277226748e-05,-0.410705289689064,94.3152454780362,0.014176533889899
"o",-0.000543657948455068,1.5721938592198e-05,1.60175025571164e-05,1.65717675007139e-05,-10.8282243770172,94.5736434108527,0.016046900443066
"om",0.00031746817787809,1.37419233514945e-05,1.38427093954597e-05,1.31706300884299e-05,6.32312407534108,93.5400516795866,0.0143088816062434
