"","bias","var_empirical","mse","var_estimated","rbias","CP","CIlength"
"u",4.33981454046701e-05,1.08226401532413e-05,1.08245235522659e-05,1.33601338488269e-05,0.864375950583615,96.2566844919786,0.0143125041656172
"b",0.000210379302073752,7.11263441538971e-06,7.15689386613075e-06,8.3574203748974e-06,4.1901977035532,96.524064171123,0.0113345528514737
"m",0.000183022240332984,8.31877995677827e-06,8.35227709723477e-06,9.21374763504473e-06,3.64531759342743,94.6524064171123,0.0119195812466143
"f",-0.000275807170062858,1.17679969753499e-05,1.1844066570408e-05,1.25698643192962e-05,-5.49334729808996,96.7914438502674,0.0139882664372451
"fm",0.000111512042972099,9.3479855350096e-06,9.36042047073742e-06,9.45980746694997e-06,2.22102413010388,95.9893048128342,0.0121105287585507
"tr",7.55116877778541e-05,1.36411642123621e-05,1.36468662273532e-05,1.25576528753653e-05,1.50399253918652,94.1176470588235,0.0140970477786154
"trm",-0.000137857885246361,8.75848829535828e-06,8.77749309188288e-06,9.33678622946728e-06,-2.74576343053698,95.9893048128342,0.0120116955798493
"o",-4.77310593111867e-05,1.27574284601595e-05,1.27597067141824e-05,1.22063046679945e-05,-0.95067610331639,94.6524064171123,0.0137478605392735
"om",0.000195473176184863,7.9145356860316e-06,7.9527454486394e-06,9.22665504276629e-06,3.89330721169959,97.3262032085562,0.0119628290892225
