"","bias","var_empirical","mse","var_estimated","rbias","CP","CIlength"
"u",-9.68124158782849e-05,1.70447248196015e-05,1.70540974634697e-05,1.78145580430752e-05,-1.92824654654675,96.3254593175853,0.0165529069109037
"b",1.80043480022323e-05,1.16996959096773e-05,1.17000200662243e-05,1.11788765386007e-05,0.358598858867206,92.6509186351706,0.0131039938086111
"m",0.000229962159678733,1.25366331524963e-05,1.25895157473804e-05,1.3381869696344e-05,4.58023628699064,97.3753280839895,0.0143923798391629
"f",0.000274738593262825,1.63011230571881e-05,1.63766043518161e-05,1.62360179581435e-05,5.47206408244359,95.01312335958,0.0158787740134423
"fm",2.26371117769157e-05,1.41450059213568e-05,1.41455183601864e-05,1.34870199795578e-05,0.450871225675312,94.488188976378,0.0144542345544104
"tr",0.000179199192194075,1.62392900784264e-05,1.62714024289094e-05,1.55781878957958e-05,3.56917261445694,93.4383202099738,0.0155790537952471
"trm",0.000425729422128009,1.24590037383854e-05,1.26402492792509e-05,1.33895935758557e-05,8.47940091706572,96.5879265091863,0.0143906065937997
"o",4.08985301620889e-05,1.63978865513926e-05,1.6399559241162e-05,1.69416131114095e-05,0.814590244737139,96.5879265091863,0.0162023216524615
"om",0.000500474828430566,1.28250536922748e-05,1.30755287461674e-05,1.43525261333065e-05,9.96813116168991,96.5879265091863,0.0149192775608448
