"","bias","var_empirical","mse","var_estimated","rbias","CP","CIlength"
"u",-0.000116649037439197,1.15520074866797e-05,1.15656144846152e-05,1.3311712769426e-05,-2.32333943492248,97.1502590673575,0.0143192900137625
"b",0.000110166699343313,6.89797564283018e-06,6.91011234447438e-06,8.35098804040534e-06,2.19422845330362,95.8549222797927,0.0113328743835882
"m",-4.72922904947819e-05,9.26383044536261e-06,9.26606700610285e-06,9.29580260972751e-06,-0.941936992250009,93.5233160621762,0.0119632352112972
"f",2.66599931993353e-05,1.17228098871245e-05,1.17235206423618e-05,1.21726416528926e-05,0.530996353631009,94.8186528497409,0.0137410167240652
"fm",-0.00018334723231208,8.61236083047735e-06,8.64597703807385e-06,9.3786098773683e-06,-3.65179057166748,96.3730569948187,0.0120464481031468
"tr",0.000255608115198285,1.16123478027381e-05,1.16776833112933e-05,1.16789744092488e-05,5.09103569959531,96.1139896373057,0.0136377633278516
"trm",-1.48774617459877e-05,9.01513197263335e-06,9.01535331150135e-06,9.31989878776353e-06,-0.296319578153579,95.0777202072539,0.0120032612451939
"o",5.48730457499555e-05,1.13347456990602e-05,1.13377567502101e-05,1.22269580164968e-05,1.09292553032535,96.6321243523316,0.013756012208193
"om",0.000236740492786788,8.607846196234e-06,8.66389225715894e-06,9.48122624562752e-06,4.71524270417769,96.6321243523316,0.0121005619311037
