"","bias","var_empirical","mse","var_estimated","rbias","CP","CIlength"
"u",2.23269436259825e-05,1.19075107056891e-05,1.19080091981008e-05,1.34289963392493e-05,0.444693498774688,96.8831168831169,0.0143538894715113
"b",-0.000248338184915996,7.17633975191663e-06,7.238011606004e-06,8.37157099949697e-06,-4.94623797057175,96.1038961038961,0.0113380710348547
"m",-0.000244226907264656,9.51676525420487e-06,9.57641203643692e-06,9.63528618335628e-06,-4.86435222419127,95.8441558441558,0.0121846864491854
"f",0.000156830305927411,1.23540890633939e-05,1.23786848082511e-05,1.19826968687227e-05,3.1236437295253,94.8051948051948,0.0136270006291401
"fm",9.80957397530239e-05,9.57527002777885e-06,9.58489280193655e-06,9.73750082003724e-06,1.95380695434276,95.3246753246753,0.0122515261900301
"tr",-4.33737141659115e-06,9.92747828802513e-06,9.92749710081594e-06,1.13130710255441e-05,-0.0863889345107067,96.8831168831169,0.013343389558759
"trm",6.33143202456218e-05,8.91457780386709e-06,8.91858650701526e-06,9.67978923209033e-06,1.26105332929677,95.8441558441558,0.0122207488292497
"o",-0.000232955887166873,1.18681645089651e-05,1.19224329543308e-05,1.26054208478771e-05,-4.63986339822361,95.5844155844156,0.0139391325443135
"om",-9.4937288429779e-05,9.97730950342565e-06,9.98632259216005e-06,1.03660337122578e-05,-1.89089898121523,94.8051948051948,0.0126655159916343
