"","bias","var_empirical","mse","var_estimated","rbias","CP","CIlength"
"u",-5.90237987464562e-05,1.631377690279e-05,1.63172607116085e-05,1.78357666342704e-05,-1.17559752088009,96.8085106382979,0.0165580473516334
"b",-0.000172505996846516,9.96257475035902e-06,9.99233306930703e-06,1.12054576479948e-05,-3.43586191564618,95.7446808510638,0.0131228830357009
"m",4.76240412067199e-06,1.27772710667357e-05,1.27772937472287e-05,1.28049935699842e-05,0.0948544586521938,95.2127659574468,0.0140706394582658
"f",0.000164608005426867,1.85498572169933e-05,1.85769530124439e-05,1.69658672703438e-05,3.27855487458711,93.0851063829787,0.0162100014125949
"fm",0.000495103183860823,1.27204097960239e-05,1.2965536958693e-05,1.31484717801138e-05,9.86114224919436,95.2127659574468,0.0143013323250807
"tr",7.61297217057189e-05,1.49372940074984e-05,1.49430897420254e-05,1.68675246066689e-05,1.5163021358043,97.0744680851064,0.0163039868723841
"trm",0.00012047955781041,1.32038925528939e-05,1.32184078767441e-05,1.30031042368502e-05,2.39963324094169,95.7446808510638,0.0141983162811016
"o",0.000148040164259804,1.69156060021445e-05,1.69375218923786e-05,1.64396960397579e-05,2.94856742179707,95.2127659574468,0.0159679249381817
"om",0.000364946106781371,1.13644219105314e-05,1.14976075713862e-05,1.28693187067058e-05,7.26875849231545,96.8085106382979,0.0141305030747603
